id,name
1,Janis
2,Valma
3,Noelle
4,Millie
5,Devin
6,Sheila
7,Fleurette
8,Ashton
9,Karel
10,Spike
11,Dennie
12,Freddi
13,Dillie
14,Kirsteni
15,Cherilynn
16,Ula
17,Leese
18,Pete
19,Cymbre
20,Fayth
21,Phelia
22,Margalo
23,Bryn
24,Valerie
25,Rhea
26,Mechelle
27,Danya
28,Paton
29,Alyssa
30,Carolin
31,Eolanda
32,Lorry
33,Lacie
34,Allx
35,Aarika
36,Rowney
37,Sydney
38,Cayla
39,Marlo
40,Mathew
41,Ann-marie
42,Melina
43,Dedie
44,Corry
45,Nickolai
46,Halimeda
47,Jobey
48,Samantha
49,Frederich
50,Byran
51,Fernando
52,Meredeth
53,Kacy
54,Bert
55,Miltie
56,Bing
57,Deeyn
58,Amil
59,Grayce
60,Cymbre
61,Joana
62,Danya
63,Georgianne
64,Leona
65,Jolee
66,Bastian
67,Hendrick
68,Zacherie
69,Torrey
70,Terrye
71,Theodoric
72,Min
73,Nelson
74,Mayor
75,Leela
76,Travus
77,Felicdad
78,Hamlin
79,Kermie
80,Milissent
81,Hanny
82,Chris
83,Ossie
84,Peter
85,Erinn
86,Artemis
87,Micaela
88,Sandy
89,Rudolph
90,Maire
91,Artair
92,Emmerich
93,Clevey
94,Leyla
95,Wright
96,Law
97,Dahlia
98,Khalil
99,Shelley
100,Flss
101,Dorris
102,Shirleen
103,Gui
104,Lynette
105,Michail
106,Winnah
107,Meredeth
108,Luca
109,Harrison
110,Jarrid
111,Marcelline
112,Jena
113,Walther
114,Trevor
115,Klemens
116,Luce
117,Hercules
118,Kristos
119,Loren
120,Bran
121,Margi
122,Kalina
123,Betty
124,Jacqui
125,Heindrick
126,Clementius
127,Donia
128,Yankee
129,Krystle
130,Addi
131,Frants
132,Fairfax
133,Ber
134,Angus
135,Felic
136,Tilda
137,Peter
138,Nikaniki
139,Ines
140,Osmond
141,Dolley
142,Jamaal
143,Rab
144,Alethea
145,Carly
146,Elfrieda
147,Tore
148,Taber
149,Roanna
150,Dru
151,Yetty
152,Willi
153,Perl
154,Salomi
155,Constantin
156,Tildi
157,Constantine
158,Alexander
159,Wilbert
160,Brena
161,Herve
162,Colleen
163,Moselle
164,Clarabelle
165,Barty
166,Waly
167,Selby
168,Antonia
169,Bevan
170,Kania
171,Zola
172,Ardis
173,Beverlie
174,Bethany
175,Hakim
176,Aurilia
177,Bordy
178,Halsy
179,Kellyann
180,Davina
181,Remus
182,Eberto
183,Leupold
184,Tulley
185,Quinn
186,Kriste
187,Der
188,Misha
189,Alair
190,Brew
191,Alisa
192,Brigitte
193,Lib
194,Lin
195,Robb
196,Garland
197,Rosy
198,Malvin
199,Rancell
200,Jaymie
201,Reynolds
202,Zane
203,Kessiah
204,Kylie
205,Bendick
206,Lacee
207,Wendie
208,Ole
209,Florence
210,Gonzalo
211,Sherie
212,Marci
213,Natividad
214,Alaster
215,Sarajane
216,Hardy
217,Pietrek
218,Meryl
219,Giordano
220,Sybil
221,Carola
222,Eliza
223,Alfred
224,Ferne
225,Patton
226,Raynell
227,Arda
228,Harmony
229,Berget
230,Nedda
231,Efrem
232,Harmon
233,Carolyn
234,Baron
235,Bev
236,David
237,Jacquelin
238,Morse
239,Tamarra
240,Calla
241,Sibylle
242,Jayne
243,Antonino
244,Wait
245,Samuel
246,Olive
247,Valle
248,Damara
249,Shannon
250,Kermy
251,Langston
252,Tommie
253,Helena
254,Bobby
255,Helen
256,Terza
257,Ariana
258,Orel
259,Olia
260,Larisa
261,Kath
262,Ignatius
263,Hilly
264,Laurene
265,Corina
266,Clarice
267,Ki
268,Olivie
269,Loren
270,Diego
271,Alis
272,Willie
273,Arlina
274,Nalani
275,Olag
276,Pearline
277,Jacinthe
278,Bettine
279,Skippy
280,Catriona
281,Johannah
282,Efrem
283,Martainn
284,Anna-diane
285,Pavel
286,Jehanna
287,Fred
288,Jillian
289,Gusti
290,Janice
291,Gunilla
292,Row
293,Retha
294,Shayne
295,Kathye
296,Rowney
297,Arlette
298,Darsey
299,Ottilie
300,Etheline
301,Nomi
302,Gabey
303,Court
304,Ignace
305,Tamara
306,Lottie
307,Sarena
308,Eudora
309,Valle
310,Putnem
311,Christen
312,Cody
313,Claudia
314,Yolanda
315,Rip
316,Winna
317,Jonis
318,Sabine
319,Minta
320,Binnie
321,Thedrick
322,Emelen
323,Olva
324,Tory
325,Lise
326,Olin
327,Rod
328,Elise
329,Lanae
330,Mora
331,Ertha
332,Gualterio
333,Davina
334,Bea
335,Anna-maria
336,Keri
337,Iolande
338,Malory
339,Halsey
340,Noelyn
341,Iorgos
342,Candy
343,Martina
344,Adora
345,Barney
346,Gwendolen
347,Matthiew
348,Iseabal
349,Rois
350,Nicko
351,Sonja
352,Flemming
353,Paige
354,Arty
355,Anitra
356,Jeni
357,Willis
358,Brandea
359,Clarke
360,Emmit
361,Amandi
362,Terri
363,Ebonee
364,Aldous
365,Ursulina
366,Tania
367,Forest
368,Bevan
369,Tanney
370,Reta
371,Kile
372,Roddie
373,Horten
374,Hedwiga
375,Judye
376,Andres
377,Travis
378,Janaya
379,Jolynn
380,Tomlin
381,Gerek
382,Carlee
383,Nina
384,Sky
385,Suki
386,Marty
387,Bethanne
388,Rex
389,Vanna
390,Mercie
391,Alvin
392,Alessandra
393,Elfie
394,Melli
395,Pauletta
396,Maureen
397,Vanna
398,Uta
399,Barbra
400,Blake
401,Milzie
402,Margy
403,Noam
404,Madelaine
405,Rosalyn
406,Waylen
407,Eleanora
408,Karolina
409,Netty
410,Sibilla
411,Elsinore
412,Bell
413,Nikos
414,Zoe
415,Barnabe
416,Gardiner
417,Arabela
418,Muire
419,Mason
420,Adolf
421,Raoul
422,Maxy
423,Karia
424,Ogdan
425,Leonhard
426,Felicia
427,Kristian
428,Dannye
429,Freeland
430,Royall
431,Correna
432,Papageno
433,Meredith
434,Briana
435,Trixie
436,Corry
437,Dorry
438,Izabel
439,Flinn
440,Misty
441,Amelie
442,Eddie
443,Jacob
444,Codi
445,Roselia
446,Tristan
447,Sarajane
448,Ethelind
449,Cliff
450,Biddie
451,Gunter
452,Mab
453,Mitch
454,Dyane
455,Diandra
456,Lorry
457,Lynne
458,Ryun
459,Jilleen
460,Meridel
461,Hamnet
462,Rockwell
463,Buffy
464,Max
465,Pansie
466,Hildy
467,Grazia
468,Heloise
469,Christian
470,Gerrie
471,Phelia
472,Dorree
473,Talbert
474,Donnie
475,Aguie
476,Nadia
477,Noelle
478,Easter
479,Klarrisa
480,Bryant
481,Nickie
482,Hendrik
483,Sherilyn
484,Drusi
485,Brandi
486,Mandy
487,Shannon
488,Carleen
489,Ester
490,Nikolas
491,Farrand
492,Gabby
493,Annabela
494,Robinet
495,Chryste
496,Verna
497,Coraline
498,Standford
499,Molli
500,Nicolina
501,Kevyn
502,Chris
503,Charyl
504,Konstanze
505,Berky
506,Marie
507,Margie
508,Henka
509,Zach
510,Quill
511,Hunt
512,Agnese
513,Debbie
514,Haleigh
515,Kore
516,Aylmar
517,Albertina
518,Alec
519,Sharai
520,Haydon
521,Karita
522,Enriqueta
523,Seth
524,Elsy
525,Nanni
526,Elisha
527,Giovanni
528,Ginnifer
529,Raquel
530,Gran
531,Rozanne
532,Erie
533,Marti
534,Corine
535,Rem
536,Darda
537,Conrade
538,Harlin
539,Nedi
540,Estelle
541,Ebeneser
542,Ilyssa
543,Thatcher
544,Moreen
545,Isaiah
546,Georgy
547,Dun
548,Mohandis
549,Skyler
550,Elyn
551,Francois
552,Tiena
553,Anya
554,Waverly
555,Joela
556,Mar
557,Elysha
558,Parrnell
559,Inez
560,Farris
561,Willem
562,Gavra
563,Zelma
564,Vickie
565,Jamie
566,Kellina
567,Suzy
568,Van
569,Bryant
570,Gigi
571,Gun
572,Tatiania
573,Gui
574,Chaim
575,Griselda
576,Avivah
577,Vivyan
578,Dona
579,Gratiana
580,Lorenza
581,Randie
582,Farr
583,Keen
584,Carolann
585,Darrelle
586,Ileane
587,Gerrilee
588,Dasie
589,Rolando
590,Merilyn
591,Johna
592,Deerdre
593,Conrado
594,Jessica
595,Alysa
596,Darrelle
597,Gene
598,Giuseppe
599,Faythe
600,Franklin
601,Ennis
602,Walton
603,Allis
604,Deerdre
605,Heloise
606,Isador
607,Nelia
608,Sherlock
609,Oran
610,Armando
611,Rhetta
612,Baxie
613,Bond
614,Kassia
615,Ivie
616,Bradly
617,Duky
618,Chris
619,Waite
620,Adan
621,Olenka
622,Gianina
623,Davina
624,Dot
625,Jermain
626,Selene
627,Gussi
628,Silvana
629,Astrid
630,Miriam
631,Ninnette
632,Lucine
633,Dorette
634,Brittani
635,Fitz
636,Linea
637,Chaddie
638,Merrielle
639,Sally
640,Zacharie
641,Kippy
642,Brenna
643,Brunhilde
644,Selma
645,Jobi
646,Kira
647,Dorena
648,Tobe
649,Honey
650,Minda
651,Kristyn
652,Rinaldo
653,Donnamarie
654,Stuart
655,Tish
656,Lyndsey
657,Garald
658,Ethelyn
659,Clarey
660,Marja
661,Blake
662,Leese
663,Ansley
664,Quinton
665,Chlo
666,Tootsie
667,Andeee
668,Aldis
669,Phineas
670,Darlleen
671,Poul
672,Murial
673,Winfred
674,Bernarr
675,Constanta
676,Gianina
677,Davy
678,Whit
679,Mellisa
680,Elisha
681,Lorne
682,Toma
683,Harman
684,Cece
685,Juliann
686,Pate
687,Jenda
688,Field
689,Staffard
690,Tybi
691,Corabel
692,Warde
693,Tracy
694,Lloyd
695,Nanci
696,Adore
697,Nora
698,Eadmund
699,Eveline
700,Valaree
701,Luisa
702,Linus
703,Sofie
704,Jessa
705,Ripley
706,Clemens
707,Cassey
708,Jocelyn
709,Keary
710,Gwenneth
711,Jocelin
712,Meyer
713,Raye
714,Gar
715,Skipton
716,Jennifer
717,Dimitry
718,Benjie
719,Celestia
720,Rosalyn
721,Valera
722,Wendall
723,Lana
724,Rebeka
725,Delores
726,Kessiah
727,Krispin
728,Adriane
729,Olvan
730,Laurent
731,Ladonna
732,Tedie
733,Delaney
734,Allyson
735,Linn
736,Jdavie
737,Brandie
738,Jodee
739,Torre
740,Chadwick
741,Clive
742,Kennedy
743,Stanislaus
744,Yevette
745,Agace
746,Bentlee
747,Hercule
748,Aleece
749,Lebbie
750,Rustin
751,Carrol
752,Reggy
753,Lorine
754,Fianna
755,Kori
756,Karoly
757,Brandy
758,Gerick
759,Marigold
760,Redd
761,Edgar
762,Haskel
763,Onfre
764,Regan
765,Sebastiano
766,Franchot
767,Janey
768,Leslie
769,Donaugh
770,Elonore
771,Bryn
772,Morton
773,Hugibert
774,Witty
775,Page
776,Marylinda
777,Bourke
778,Herc
779,Brooke
780,Demetris
781,Del
782,Othella
783,Harriett
784,Town
785,Charley
786,Trenna
787,Gale
788,Chaddie
789,Tymon
790,Tilda
791,Katerina
792,Xenos
793,Shauna
794,Raimondo
795,Rorke
796,Sandra
797,Pascal
798,Westley
799,Connie
800,Annis
801,Leeanne
802,Bessie
803,Selia
804,Davie
805,Gayle
806,Joellen
807,Forrester
808,Bran
809,Clareta
810,Betty
811,Mychal
812,Gwenni
813,Augy
814,Nicolas
815,Antoinette
816,Terrijo
817,Aldric
818,Frannie
819,Hugues
820,Leanna
821,Jennie
822,Frederik
823,Jareb
824,Tamra
825,Blayne
826,Herc
827,Rianon
828,Hattie
829,Andrei
830,Ring
831,Fidela
832,Cheryl
833,Tarra
834,Raynell
835,Colan
836,Maurita
837,Granger
838,Roman
839,Clarine
840,Inness
841,Wanda
842,Aubry
843,Vyky
844,My
845,Sula
846,Sabina
847,Murdock
848,Starlene
849,Annora
850,Juliet
851,Clarke
852,Daffy
853,Loydie
854,Romona
855,Rhiamon
856,Jeremias
857,Natalie
858,Aaren
859,Axe
860,Hesther
861,Rori
862,Dorie
863,Nelia
864,Darrell
865,Elset
866,Florian
867,Cherie
868,Darla
869,Eamon
870,Conant
871,Eliot
872,Eberto
873,Lonnie
874,Melva
875,Daryn
876,Perl
877,Clayton
878,Elayne
879,Dell
880,Terza
881,Adler
882,Lucille
883,Ray
884,Darius
885,Lawton
886,Vinni
887,Valera
888,Nonie
889,Sonny
890,Maisey
891,Aggi
892,Rania
893,Ransell
894,Bronson
895,Bird
896,Zackariah
897,Rona
898,Teodor
899,Dorian
900,Enoch
901,Jen
902,Kirby
903,Magdalene
904,Aluin
905,Antoni
906,Bartholemy
907,Carley
908,Foster
909,Harli
910,Isaac
911,Christabel
912,Nicko
913,Klarrisa
914,Danica
915,Emalia
916,Josiah
917,Hayes
918,Jerry
919,Basil
920,Marcelo
921,Patrizia
922,Hartwell
923,Mommy
924,Ephrem
925,Dimitri
926,Hillier
927,Gregoor
928,Angy
929,Guntar
930,Zachery
931,Morse
932,Jemie
933,Blanche
934,Kissee
935,Roldan
936,Chiquita
937,Aurlie
938,Sibylle
939,Clayson
940,Lynda
941,Lem
942,Maxwell
943,Leontine
944,Juliette
945,Dyan
946,Carmela
947,Camila
948,Pearla
949,Oralie
950,Dehlia
951,Ibbie
952,Doro
953,Shelton
954,Alonzo
955,Stefanie
956,Muffin
957,Rance
958,Linoel
959,Culley
960,Kyla
961,Stephen
962,Maxy
963,Brana
964,Natale
965,Terrie
966,Sigismond
967,Alleen
968,Arel
969,Alleen
970,Regen
971,Cyb
972,Melany
973,Emanuele
974,Lazar
975,Ewart
976,Saudra
977,Ida
978,Bari
979,Douglass
980,Ortensia
981,Langston
982,Minta
983,Pauletta
984,Clayton
985,Tracy
986,Wenona
987,Virgina
988,Harriot
989,Zola
990,Osbert
991,Amble
992,Eleen
993,Marco
994,Trixy
995,Barbabas
996,Janey
997,Perice
998,Cleve
999,Tallou
1000,Bernadette
